theta(0),theta(1)
-33.749058,1.192781
