age,sex_1,bmi,children,smoker_1,region_1,region_2,charges
39.190726,0.505610,30.664589,1.095737,0.795812,0.484667,0.514585,13258.551706
14.037304,0.499969,6.098031,1.205120,0.403107,0.499765,0.499787,12102.224355
